"Star classes","Regions","Periods","Total accommodations Accommodations (number)","Rooms (number)","Sleeping places (number)","Open accommodations Accommodations (number)","Rooms (number)","Sleeping places (number)"
"Total","The Netherlands","2023 August*","3,945","149,188","322,699","3,912","148,750","321,786"
"Total","Amsterdam","2023 August*","506","41,840","90,918","506","41,840","90,918"
"Accommodations without a star","The Netherlands","2023 August*","950","12,095","32,084","938","12,050","31,958"
"Accommodations without a star","Amsterdam","2023 August*","88","2,938","8,659","88","2,938","8,659"
"1 star accommodations","The Netherlands","2023 August*","95","1,387","3,094","95","1,387","3,094"
"1 star accommodations","Amsterdam","2023 August*","29","569","1,384","29","569","1,384"
"Accommodations with 2 stars","The Netherlands","2023 August*","328","7,431","18,033","323","7,375","17,942"
"Accommodations with 2 stars","Amsterdam","2023 August*","65","2,448","7,036","65","2,448","7,036"
"Accommodations with 3 stars","The Netherlands","2023 August*","1,300","40,630","85,311","1,294","40,599","85,240"
"Accommodations with 3 stars","Amsterdam","2023 August*","161","10,721","22,815","161","10,721","22,815"
"Accommodations with 4 stars","The Netherlands","2023 August*","1,108","77,641","163,952","1,099","77,337","163,333"
"Accommodations with 4 stars","Amsterdam","2023 August*","135","20,371","41,759","135","20,371","41,759"
"Accommodations with 5 stars","The Netherlands","2023 August*","164","10,004","20,225","163","10,002","20,219"
"Accommodations with 5 stars","Amsterdam","2023 August*","28","4,793","9,265","28","4,793","9,265"
"Source: CBS."